County,Population 1980,Population 1990,Population 2000,Population 2010
Alameda County,1073184,1105379,1443741,1510271
Alpine County,484,1097,1208,1175
Amador County,11821,19314,35100,38091
Butte County,101969,143851,203171,220000
Calaveras County,13585,20710,40554,45578
Colusa County,12430,12791,18804,21419
Contra Costa County,558389,656380,948816,1049025
Del Norte County,14580,18217,27507,28610
El Dorado County,43833,85812,156299,181058
Fresno County,413053,514621,799407,930450
Glenn County,17521,21350,26453,28122
Humboldt County,99692,108514,126518,134623
Imperial County,74492,92110,142361,174528
Inyo County,15571,17895,17945,18546
Kern County,329162,403089,661645,839631
Kings County,64610,73738,129461,152982
Lake County,19548,36366,58309,64665
Lassen County,14960,21661,33828,34895
Los Angeles County,7032075,7477503,9519338,9818605
Madera County,41519,63116,123109,150865
Marin County,206038,222568,247289,252409
Mariposa County,6015,11108,17130,18251
Mendocino County,51101,66738,86265,87841
Merced County,104629,134560,210554,255793
Modoc County,7469,8610,9449,9686
Mono County,4016,8577,12853,14202
Monterey County,250071,290444,401762,415057
Napa County,79140,99199,124279,136484
Nevada County,26346,51645,92033,98764
Orange County,1420386,1932709,2846289,3010232
Placer County,77306,117247,248399,348432
Plumas County,11707,17340,20824,20007
Riverside County,459074,663166,1545387,2189641
Sacramento County,631498,783381,1223499,1418788
San Benito County,18226,25005,53234,55269
San Bernardino County,684072,895016,1709434,2035210
San Diego County,1357854,1861846,2813833,3095313
San Francisco County,715674,678974,776733,805235
San Joaquin County,290208,347342,563598,685306
San Luis Obispo County,105690,155435,246681,269637
San Mateo County,556234,587329,707161,718451
Santa Barbara County,264324,298694,399347,423895
Santa Clara County,1064714,1295071,1682585,1781642
Santa Cruz County,123790,188141,255602,262382
Shasta County,77640,115715,163256,177223
Sierra County,2365,3073,3555,3240
Siskiyou County,33225,39732,44301,44900
Solano County,169941,235203,394542,413344
Sonoma County,204885,299681,458614,483878
Stanislaus County,194506,265900,446997,514453
Sutter County,41935,52246,78930,94737
Tehama County,29517,38888,56039,63463
Trinity County,7615,11858,13022,13786
Tulare County,188322,245738,368021,442179
Tuolumne County,22169,33928,54501,55365
Ventura County,376430,529174,753197,823318
Yolo County,91788,113374,168660,200849
Yuba County,44736,49733,60219,72155
